كِتَابٌ	kitāb	kitob	O'zbekchadagi «kitob»ning o'zi — ulkan kitob ochilib, ichidan yana kitoblar uchib chiqyapti.
لَوْحٌ	lawh	lavha	Devorga ilingan katta taxtacha lavha, ustida yozuv yaltirayapti.
قَلَمٌ	qalam	qalam	O'zbekcha «qalam»ning aynan o'zi — qalam o'zi yurib, havoga yozyapti.
مِسْطَرَةٌ	mistara	mister + tor	«Mister» chizg'ichni qo'liga olib, tor chiziq tortyapti.
هَذَا	hādhā	ha, zo'r	«Ha, zo'r — mana BU!» — erkak narsaga barmoq bilan ishora.
هَذِهِ	hādhihi	ha, zehni	Qizga ishora: «Ha, zehni o'tkir mana BU qiz!» (muannas).
أَيْنَ؟	ayna	oyna	Oynaga qarab: «Ko'zoynagim QAYERDA?»
مَا؟	mā	mo'	Hayron sigir «Mo'?» deb so'rayapti — «NIMA?»
هَاتِ	hāti	hoy, ot	«Hoy, ot!» — kimdir qo'lini cho'zib: «BER! Keltir!»
مِحْبَرَةٌ	mihbara	mehr + bor	Mehri bor siyohdon — undan siyoh o'rniga yurakchalar chiqyapti.
سَبُّورَةٌ	sabbūra	sabr	Sabr bilan doskaga yozyapsiz, doska tugamayapti — DOSKA.
دَفْتَرٌ	daftar	daftar	O'zbekcha «daftar»ning o'zi — varaqlari qanot bo'lib uchyapti.
وَرَقٌ	waraq	varaq	Oq varaqlar qordek yog'yapti — QOG'OZ.
حِبْرٌ	hibr	hibir-hibir	Siyoh «hibir-hibir» qaynab, idishdan toshyapti — SIYOH.
أَخَذَ	akhadha	axtar	Qo'l cho'zib axtarib, narsani OLDI.
الرِّيْشَةُ	ar-rīsha	rishta	Pat rishta ipiga bog'langan, siyohga botirib yozyapsiz — PAT, PERO.
قَلَمُ الحِبْرِ	qalamu l-hibr	qalam + hibir	Qalam ichida siyoh «hibir-hibir» qaynayapti — SHARIKLI RUCHKA.
قَلَمُ الرَّصَاصِ	qalamu r-rasās	qalam + rasa	Rasa og'ir, qo'rg'oshindan qalam — ODDIY QALAM.
مَسْكَةٌ	maska	maska	Eshik ushlagichiga maska kiydirilgan — USHLAGICH.
نَشَّافَةُ الحِبْرِ	nashshāfatu l-hibr	nash-nash + hibir	Nam siyohni «nash-nash» shimib quritayapti — SIYOH SHIMDIRGICH.
مُعَلِّمٌ	muʿallim	muallim	O'zbekcha «muallim» — O'QITUVCHI doska oldida.
تِلْمِيذٌ	tilmīdh	til + miz	Tilini chiqarib, mizda yozayotgan bola — O'QUVCHI.
كُرْسِيٌّ	kursiy	kursi	O'zbekcha «kursi» — STUL o'zi yurib kelyapti.
مَدْرَسَةٌ	madrasa	madrasa	Gumbazli madrasa — MAKTAB.
فَصْلٌ	fasl	fasl	To'rt fasl rasmlari osilgan xona — SINF.
مَكْتَبٌ	maktab	maktab	Maktabdagi STOL: stol ustida butun maktab binosi turibdi.
مَكْتَبُ الْمُعَلِّمِ	maktabu l-muʿallim	maktab + muallim	Muallim o'z stoli ustiga chiqib olgan — O'QITUVCHINING STOLI.
مَقْعَدُ التِّلْمِيذِ	maqʿadu t-tilmīdh	maqsad + tilmiz	O'quvchining maqsadi — partada o'tirish: O'QUVCHI PARTASI.
دَرْسٌ	dars	dars	O'zbekcha «dars»ning o'zi.
مِمْحَاةٌ	mimhāt	mehmon + o'ch	Mehmon kelib hamma xatolarni o'chirib ketdi — O'CHIRG'ICH.
مِمْسَحَةٌ	mimsaha	mum + sah	Latta bilan doskani mumdek silliq artyapsiz — LATTA.
كَتَبَ	kataba	kotib	Kotib YOZDI.
قَرَأَ	qaraʾa	qara	«Qara!» — kitobga qarab O'QIDI.
هُنَا	hunā	huna (mana)	Oyog'ingiz ostini ko'rsatib: «huna — BU YERDA!»
هُنَاكَ	hunāka	huv, anakay	Uzoqni ko'rsatib: «huv anakay joyda — U YERDA!»
فِي	fī	fil	Fil qutining ICHIDA o'tiribdi.
مِحْفَظَةٌ	mihfaza	muhofaza	Kitoblarni muhofaza qiladigan SUMKA.
مِبْرَاةٌ	mibrāt	mo'ri + barot	Qalamni tarashlasangiz mo'ridan qirindi chiqyapti — QALAMTAROSH.
مِقْلَمَةٌ	miqlama	mi + qalam	Qalamlarning uyi — QALAMDON, ichida qalamlar uxlayapti.
شُبَّاكٌ	shubbāk	shu bok	«Shu bokka qara!» — DERAZAdan tashqariga qarayapsiz.
مِصْبَاحٌ	misbāh	sabah	Sabah (tong)dek yorug' CHIROQ yondi.
سَاعَةٌ	sāʿa	soat	O'zbekcha «soat».
كِبْرِيتٌ	kibrīt	kibr + it	Kibrli it GUGURT chaqib o'ynayapti.
حُجْرَةٌ	hujra	hujra	«Hujra» — kichik XONA.
طَبَاشِيرُ	tabāshīr	tabassum	BO'R bilan doskaga tabassum chizyapsiz.
دَخَلَ	dakhala	daxl	Xonaga daxl qilib KIRIB keldi.
فَهِمَ	fahima	fahm	Fahmi yetdi — ANGLADI.
قَعَدَ	qaʿada	qoida	Qoidaga ko'ra joyiga O'TIRDI.
حَفِظَ	hafiza	hofiz	Hofiz kitobni YODLADI.
عَلَى	ʿalā	a'lo	A'lo baho stolning USTIDA turibdi.
مَنْ؟	man	man	«Man kimman?» — KIM?
فِنْجَانٌ	finjān	fincon	«Fincon» — PIYOLA choy.
بَيْتٌ	bayt	bayt	Devoriga she'r bayti yozilgan UY.
دَارٌ	dār	dor	HOVLI o'rtasida dor tortilgan.
رَفٌّ	raff	raf	TOKCHA (raf)ga kitoblar terilgan.
وَلَدٌ	walad	valad	«Valadam!» — BOLA yugurib kelyapti.
سَخَّانَةُ الْمَاءِ	sakhkhānatu l-māʾ	saxiy + mo'	Saxiy idish suvni isitib beryapti, sigir «mo'» deb ichyapti — SUV ISITGICH.
إِبْرِيقُ الشَّايِ	ibrīqu sh-shāy	ibriq + choy	Ibriqdan choy quyilyapti — CHOYNAK.
شَايٌ	shāy	shoyi	Shoyi dasturxonda CHOY.
قَهْوَةٌ	qahwa	qahva	O'zbekcha «qahva» — KOFE.
سُكَّرٌ	sukkar	shakar	«Sukkar» — «shakar»ning qarindoshi.
طَبِيخٌ	tabīkh	tabib + pish	Tabib qozonda OVQAT pishiryapti.
شَرِبَ	shariba	sharbat	Sharbat ICHDI.
أَكَلَ	akala	akal	Akam tinmay YEYAPTI.
بِ	bi	bi(lan)	«Bi-lan» — bi = BILAN.
يَا	yā	yo!	«Yo, Ali!» — EY deb chaqirish.
خِزَانَةٌ	khizāna	xazina	Ichida xazina saqlanadigan SHKAF.
سَرِيرٌ	sarīr	sarir (taxt)	Podsho taxtidek KARAVOT.
مُصَلَّى	muṣallā	musallo	«Musallo» — JOYNAMOZ.
مِسْوَاكٌ	miswāk	misvok	O'zbekcha «misvok».
رَدْهَةٌ	radha	rad	Dahlizda hammani rad etib turishibdi — ZAL, DAHLIZ.
بَابٌ	bāb	bob	Kitob bobidek ochiladigan ESHIK.
لَحْمٌ	lahm	lahm	Lahm-lahm GO'SHT bo'laklari.
خُبْزٌ	khubz	xub	«Xub NON!»
نَامَ	nāma	nom	Nomini aytib chaqirsangiz ham uyg'onmaydi — UXLADI.
تَعَالَ	taʿāla	ta'olo	Qo'l siltab: «KEL bu yoqqa!»
ثَوْرٌ	thawr	savr (burj)	Savr burji — BUQA.
بَقَرَةٌ	baqara	baqir	SIGIR «baqir-baqir» ma'rayapti.
عِجْلٌ	ʿijl	ijil-ijil	BUZOQ ijil-ijil sakrab yuribdi.
فَرَسٌ	faras	farosat	Farosatli OT.
مُهْرٌ	muhr	muhr	Peshonasiga muhr bosilgan TOYCHOQ.
دِيكٌ	dīk	diq-diq	XO'ROZ «diq-diq» qilib qichqiryapti.
دَجَاجَةٌ	dajāja	jo'ja	TOVUQ jo'jalarini ergashtirib yuribdi.
كَلْبٌ	kalb	kalla	Kallasi katta IT.
رَكَضَ	rakada	raqs	Raqs tushgandek YUGURDI.
صَاحَ	sāha	soh-soh	«Soh-soh!» deb QICHQIRDI.
خَرَجَ	kharaja	xarj	Pulni xarj qilib, do'kondan CHIQDI.
أَنَا	anā	ona	Bola onasiga: «Mana, MEN!»
أَنْتَ	anta	ana, sen	Barmoq bilan ko'rsatib: «Ana, SEN!»
هُوَ	huwa	huv	Uzoqdagini ko'rsatib: «Huv, U!»
مَتَى؟	matā	mato	Mato do'koni QACHON ochiladi?
مِنْ	min	mina	Minadan qochib chiqyapti — ...DAN.
سِكِّينٌ	sikkīn	sekin	PICHOQni sekin ushla!
كُرَةٌ	kura	kurak	Kurak bilan TO'P uryapsiz.
سَمَكٌ	samak	samo	Samoda (osmonda) BALIQ suzib yuribdi.
مَاءٌ	māʾ	mo'	Sigir «mo'» deb SUV so'rayapti.
لَبَنٌ	laban	lab	Labingizda SUT mo'ylovi.
قِنِّينَةٌ	qinnīna	qin + nina	Qinida nina bor SHISHA GRAFIN.
سَبَحَ	sabaha	sabah (tong)	Tong saharda hovuzda SUZDI.
نَظَرَ	nazara	nazar	Nazar soldi — QARADI.
قَامَ	qāma	qomat	Qomatini rostlab o'rnidan TURDI.
لَعِبَ	laʿiba	lab	Labini cho'chchaytirib O'YNAYAPTI.
قَبْلَ	qabla	qabul	Qabuldan OLDIN kutib turibsiz.
بَعْدَ	baʿda	ba'd	«Ba'dan» — KEYIN.
هَلْ؟	hal	hal	«Masala hal bo'ldiMI?»
نَعَمْ	naʿam	na'matak	Na'matak gulini berib: «HA!»
اِبْنٌ	ibn	Ibn Sino	Ibn Sino — Sinoning O'G'LI.
بِنْتٌ	bint	bant	Boshida bant — QIZ.
أَبٌ	ab	aba	Bola «aba!» deb OTASIga yugurdi.
أُمٌّ	umm	umm	ONA bolani «umm» deb o'pyapti.
أَخٌ	akh	ax, akam	«Ax, akam!» — AKA-UKA.
أُخْتٌ	ukht	uxt	OPA-SINGIL «uxt» deb uxlab qoldi.
قَلَمُ مَحْمُودٍ	qalamu mahmūdin	qalam + Mahmud	Mahmud qalamini ko'tarib turibdi — MAHMUDNING QALAMI.
لَكَ	laka	lak	Lak bilan «SENIKI» deb yozilgan.
ـهُ	-hu	huv	«Huv, UNIKI» — UNING.
ـي	-ī	i	«Meniki-i!» — MENING.
أَحَبَّ	ahabba	habib	Habibini YAXSHI KO'RDI.
أَطَاعَ	atāʿa	itoat	ITOAT QILDI.
حِصَانٌ	hisān	hisob	Hisobchi AYG'IRni minib keldi.
حِمَارٌ	himār	humor	Humor bilan kulayotgan ESHAK.
دُبٌّ	dubb	dub-dub	AYIQ «dub-dub» qadam tashlayapti.
ذِئْبٌ	dhiʾb	zeb	Zeb berib olgan BO'RI.
فَأْرٌ	faʾr	fara	SICHQON faraga (chiroqqa) yuguryapti.
قِطٌّ	qitt	qit-qit	MUSHUK qitiqlab «qit-qit» o'ynayapti.
هِرٌّ	hirr	hirr-hirr	MUSHUK «hirr-hirr» xurillayapti.
غَابَةٌ	ghāba	g'oyib	O'RMONda g'oyib bo'ldi.
حَدِيقَةٌ	hadīqa	hadya	BOG' gullarini hadya qilyapti.
مَكْتُوبٌ	maktūb	maktub	O'zbekcha «maktub» — XAT.
رَكِبَ	rakiba	rikob	Oyog'ini rikobga qo'yib otga MINDI.
فَتَحَ	fataha	fath	Fath qilib darvozani OCHDI.
ذَهَبَ	dhahaba	zahab (oltin)	Oltinni olib KETDI.
يُوجَدُ	yūjadu	vujud	Vujudi BOR — topiladi.
إِلَى	ilā	ilova	Ilovaga qarab ketyapsiz — ...GA.
مَرْكَبٌ	markab	markab	O'zbekcha «markab» — ULOV.
طَبَقٌ	tabaq	tabaq	O'zbekcha «tabaq» — LAGAN.
مِلْعَقَةٌ	milʿaqa	mal'aka	Mal'aka QOSHIQ bilan osh yeyapti.
شَوْكَةٌ	shawka	shox	Tishlari shoxdek SANCHQI.
مِلْحٌ	milh	mil-mil	TUZ mil-mil yaltirayapti.
مِمْلَحَةٌ	mimlaha	mil-mil	TUZ mil-mil to'kiladigan idish — TUZDON.
طَعَامٌ	taʿām	ta'm	Ta'mi zo'r OVQAT.
